age_group,theme,description,links
1 to 3,Animals,Animal Story ,https://www.youtube.com/watch?v=Oq-vK6nyPDY
1 to 3,Magic,Magic Story,https://www.youtube.com/watch?v=pblltg0r1Ug
1 to 3,Adventure,Adventurous stories,https://www.youtube.com/watch?v=osSkJuohjM8
1 to 3,Bedtime, Bedtime tales with soft narration,https://www.youtube.com/watch?v=wHyTj9ONS-M
4 to 6,Animals,Animal Story ,https://www.youtube.com/watch?v=7hrczJyqJFA
4 to 6,Magic,Magic Story,https://www.youtube.com/watch?v=VN9uSvAPqU4
4 to 6,Adventure,Adventurous stories,https://www.youtube.com/watch?v=52g8NiopV0U 
4 to 6,Bedtime, Bedtime tales with soft narration,https://www.youtube.com/watch?v=SCZNB8GaIhA
7 to 9,Animals,Animal Story ,https://www.youtube.com/watch?v=-WaSBjK0qwk
7 to 9,Magic,Magic Story,https://www.youtube.com/watch?v=2REgyGbR00w
7 to 9,Adventure,Adventurous stories,https://www.youtube.com/watch?v=1V_Xw8yB_V8
7 to 9,Bedtime, Bedtime tales with soft narration,https://www.youtube.com/watch?v=jg7BdlqYqAU
10 to 12,Animals,Animal Story ,https://www.youtube.com/watch?v=ozZ_4uZZzkI
10 to 12,Magic,Magic Story,https://www.youtube.com/watch?v=PHR_wFlB8A4
10 to 12,Adventure,Adventurous stories,https://www.youtube.com/watch?v=QUUPEFWfBEU
10 to 12,Bedtime, Bedtime tales with soft narration,https://www.youtube.com/watch?v=F198bDkOJz8
